<?xml version="1.0" encoding="utf-8"?>
<extension version="2.5" type="plugin" group="system" method="upgrade" >
	<name>System - Widgetkit Joomla</name>
	<author>YOOtheme</author>
	<creationDate>December 2011</creationDate>
	<copyright>Copyright (C) 2007 - 2011 YOOtheme GmbH</copyright>
	<license>http://www.gnu.org/licenses/gpl-2.0.html GNU/GPLv2 only</license>
	<assetsLicense>YOOtheme Proprietary Use License (http://www.yootheme.com/license)</assetsLicense>
	<authorEmail>info@yootheme.com</authorEmail>
	<authorUrl>http://www.yootheme.com</authorUrl>
	<version>1.0.0</version>
	<description>Joomla Content plugin for Widgetkit developed by YOOtheme (http://www.yootheme.com)</description>
	<files>
		<filename plugin="widgetkit_joomla">widgetkit_joomla.php</filename>
		<folder>assets</folder>
		<folder>layouts</folder>
		<folder>widgets</folder>
		<file>helper.php</file>
	</files>
</extension>