<?xml version="1.0" encoding="utf-8"?>
<element type="widgetkit" group="Other">
	<name>Widgetkit</name>
	<author>YOOtheme</author>
	<creationDate>July 2011</creationDate>
	<copyright>Copyright (C) 2007 - 2011 YOOtheme GmbH</copyright>
	<authorEmail>info@yootheme.com</authorEmail>
	<authorUrl>http://www.yootheme.com</authorUrl>
	<version>2.5.0</version>
	<description>Widgetkit Wrapper</description>
	<params>
		<param name="default" type="widget" default="" label="Default" description="" />
	</params>
</element>