<?xml version="1.0" encoding="utf-8"?>
<widget>
	<params>
		<param name="application" type="zooapplication" default="" label="Items" description="APPLICATION_DESCRIPTION" categories="true" frontpage="true" types="true" />
		<param name="subcategories" type="radio" default="0" label="Include Subcategories" description="SUBCATEGORY_DESCRIPTION">
			<option value="0">No</option>
			<option value="1">Yes</option>
		</param>
		<param name="count" type="text" default="4" size="5" label="Item Count" description="Maximum number of items to display" />
		<param name="order" type="zooitemorder" default="_itemname" label="Item Order" description="Order that the items will be displayed in" apps="true" random="true" />
		<param name="layout" type="filename" default="" label="Layout" description="The Item Layout" path="/widgets/slideshow/renderer/item/" />
		<param name="media_position" type="list" default="left" label="Media Position" description="MEDIAPOSITION_DESCRIPTION">
			<option value="left">Left</option>
			<option value="right">Right</option>
			<option value="top">Top</option>
			<option value="middle">Middle</option>
			<option value="bottom">Bottom</option>
		</param>
	</params>
</widget>