<?xml version="1.0" encoding="utf-8"?>
<extension version="2.5" type="plugin" group="content" method="upgrade">
	<name>Content - Widgetkit</name>
	<author>YOOtheme</author>
	<creationDate>May 2011</creationDate>
	<copyright>Copyright (C) 2007 - 2011 YOOtheme GmbH</copyright>
	<license>YOOtheme Proprietary Use License (http://www.yootheme.com/license)</license>
	<authorEmail>info@yootheme.com</authorEmail>
	<authorUrl>http://www.yootheme.com</authorUrl>
	<version>1.0.0</version>
	<description>Plugin for Widgetkit developed by YOOtheme (http://www.yootheme.com)</description>
	<files>
		<filename plugin="widgetkit_content">widgetkit_content.php</filename>
	</files>
</extension>